{
  "summary": {
    "case_label": "single_smoke_run1",
    "total_runs": 1,
    "successful_runs": 1,
    "failed_runs": 0,
    "min_latency_seconds": 18.091929399990477,
    "avg_latency_seconds": 18.091929399990477,
    "max_latency_seconds": 18.091929399990477
  },
  "results": [
    {
      "run": 1,
      "status": "success",
      "elapsed_seconds": 18.091929399990477,
      "response_id": "resp_0a8d7a72ac9180020169e6510661b88191b5788391193d070d"
    }
  ]
}